Maureen;Hansen;Maureen49@gmail.com;Passwd@123
Sadie;Mraz;Sadie70@gmail.com;Passwd@123
Frankie;Cassin;Frankie31@yahoo.com;Passwd@123
Evan;Emard;Evan.Emard68@hotmail.com;Passwd@123
Keith;Gutmann;Keith_Gutmann@yahoo.com;Passwd@123
Philip;Ferry;Philip.Ferry62@yahoo.com;Passwd@123
Tanya;OKeefe;Tanya.OKeefe@hotmail.com;Passwd@123
Alonzo;Cassin;Alonzo.Cassin@hotmail.com;Passwd@123
Karla;Klocko;Karla45@gmail.com;Passwd@123
Alexander;Homenick;Alexander21@yahoo.com;Passwd@123
Kristi;Emard;Kristi.Emard@yahoo.com;Passwd@123
Edmund;Robel-Jakubowski;Edmund1@yahoo.com;Passwd@123
Sergio;Hansen;Sergio.Hansen50@hotmail.com;Passwd@123
Lynda;Stroman;Lynda.Stroman85@gmail.com;Passwd@123
Lee;Bahringer;Lee35@hotmail.com;Passwd@123
Orville;Blanda;Orville.Blanda64@gmail.com;Passwd@123
Antonio;Kihn;Antonio53@gmail.com;Passwd@123
Lindsey;Swaniawski;Lindsey74@hotmail.com;Passwd@123
Kristopher;Kessler;Kristopher.Kessler71@yahoo.com;Passwd@123
Stephanie;Erdman-Barton;Stephanie_Erdman-Barton91@hotmail.com;Passwd@123
Robert;Homenick;Robert9@yahoo.com;Passwd@123
Michelle;Kreiger;Michelle_Kreiger@gmail.com;Passwd@123
Wade;Kshlerin;Wade68@hotmail.com;Passwd@123
Clayton;Wunsch;Clayton.Wunsch@hotmail.com;Passwd@123
Bobby;Farrell;Bobby_Farrell@gmail.com;Passwd@123
Adrian;Effertz;Adrian_Effertz3@gmail.com;Passwd@123
Sandy;Morissette;Sandy43@yahoo.com;Passwd@123
Sharon;Cummerata;Sharon87@hotmail.com;Passwd@123
Tracy;Crona;Tracy78@yahoo.com;Passwd@123
Leo;Muller;Leo21@yahoo.com;Passwd@123
Dorothy;Donnelly;Dorothy.Donnelly22@hotmail.com;Passwd@123
Carole;Bartoletti;Carole.Bartoletti59@gmail.com;Passwd@123
Vincent;Hagenes;Vincent52@yahoo.com;Passwd@123
Shannon;Ryan;Shannon.Ryan@gmail.com;Passwd@123
Tim;Ankunding;Tim.Ankunding@gmail.com;Passwd@123
Danny;Gibson;Danny33@gmail.com;Passwd@123
Levi;Towne;Levi.Towne29@yahoo.com;Passwd@123
Alberta;McKenzie;Alberta91@hotmail.com;Passwd@123
Mercedes;Lindgren;Mercedes.Lindgren7@yahoo.com;Passwd@123
Conrad;Fay;Conrad.Fay51@gmail.com;Passwd@123
Angelina;Effertz;Angelina_Effertz@hotmail.com;Passwd@123
Jeanne;McCullough;Jeanne.McCullough56@hotmail.com;Passwd@123
Debbie;Mitchell;Debbie_Mitchell68@hotmail.com;Passwd@123
Floyd;OConner;Floyd78@gmail.com;Passwd@123
Fannie;Abbott;Fannie.Abbott@yahoo.com;Passwd@123
Amanda;Carroll;Amanda3@yahoo.com;Passwd@123
Lindsey;Zulauf;Lindsey.Zulauf45@hotmail.com;Passwd@123
Daryl;Cole;Daryl_Cole@yahoo.com;Passwd@123
Elbert;Cartwright;Elbert_Cartwright@gmail.com;Passwd@123
Jodi;Lang;Jodi26@gmail.com;Passwd@123
Leslie;Kuhn;Leslie_Kuhn0@hotmail.com;Passwd@123
Glen;Conn;Glen_Conn36@yahoo.com;Passwd@123
Jason;Cole;Jason.Cole@gmail.com;Passwd@123
Gilbert;Mitchell;Gilbert63@hotmail.com;Passwd@123
Joanna;Harris;Joanna.Harris@gmail.com;Passwd@123
Lorenzo;Howe;Lorenzo.Howe33@yahoo.com;Passwd@123
Pauline;Fahey;Pauline55@gmail.com;Passwd@123
Angelica;Conn;Angelica71@gmail.com;Passwd@123
Janice;Kuvalis-Hyatt;Janice_Kuvalis-Hyatt90@gmail.com;Passwd@123
Santos;Parisian;Santos.Parisian14@hotmail.com;Passwd@123
Mona;Robel;Mona92@hotmail.com;Passwd@123
Melvin;Rempel;Melvin84@yahoo.com;Passwd@123
Marilyn;Jacobson;Marilyn.Jacobson11@gmail.com;Passwd@123
Randy;Champlin;Randy90@hotmail.com;Passwd@123
Grant;Stehr;Grant.Stehr99@yahoo.com;Passwd@123
Marta;Harris;Marta80@gmail.com;Passwd@123
Felicia;Schneider;Felicia_Schneider@gmail.com;Passwd@123
Domingo;Wiegand;Domingo76@yahoo.com;Passwd@123
Verna;Olson;Verna68@yahoo.com;Passwd@123
Patricia;Flatley;Patricia_Flatley@hotmail.com;Passwd@123
Cesar;Kiehn;Cesar_Kiehn@hotmail.com;Passwd@123
Allison;Tremblay;Allison_Tremblay2@yahoo.com;Passwd@123
Cynthia;Steuber;Cynthia_Steuber32@gmail.com;Passwd@123
Lena;Swift;Lena68@hotmail.com;Passwd@123
Georgia;Cole;Georgia17@gmail.com;Passwd@123
Everett;Murray;Everett.Murray99@hotmail.com;Passwd@123
Gregg;Swaniawski;Gregg.Swaniawski34@yahoo.com;Passwd@123
Anthony;Zboncak;Anthony.Zboncak@yahoo.com;Passwd@123
Silvia;Bradtke;Silvia.Bradtke@gmail.com;Passwd@123
Ebony;Emmerich;Ebony56@yahoo.com;Passwd@123
Aubrey;Green;Aubrey_Green63@hotmail.com;Passwd@123
Rhonda;Goodwin;Rhonda.Goodwin@hotmail.com;Passwd@123
Myron;Johnston;Myron18@gmail.com;Passwd@123
Wayne;Stiedemann;Wayne94@hotmail.com;Passwd@123
Robin;Botsford;Robin.Botsford0@hotmail.com;Passwd@123
Brendan;Lindgren;Brendan38@yahoo.com;Passwd@123
Duane;Steuber;Duane_Steuber93@hotmail.com;Passwd@123
Megan;Beahan;Megan.Beahan@hotmail.com;Passwd@123
Molly;Strosin;Molly.Strosin@hotmail.com;Passwd@123
Orville;Strosin;Orville_Strosin@hotmail.com;Passwd@123
Garry;Labadie;Garry10@hotmail.com;Passwd@123
Eleanor;Barrows;Eleanor.Barrows28@gmail.com;Passwd@123
Ella;Spinka;Ella13@gmail.com;Passwd@123
Gilbert;Conn;Gilbert.Conn4@gmail.com;Passwd@123
Shannon;Streich;Shannon40@yahoo.com;Passwd@123
Rudolph;Wintheiser;Rudolph.Wintheiser@hotmail.com;Passwd@123
Melinda;Hauck;Melinda.Hauck26@gmail.com;Passwd@123
Amy;McKenzie;Amy_McKenzie34@hotmail.com;Passwd@123
Jodi;Howell;Jodi_Howell@hotmail.com;Passwd@123
Raul;Bailey;Raul_Bailey9@hotmail.com;Passwd@123
Lindsey;Kulas;Lindsey_Kulas17@hotmail.com;Passwd@123
Amber;Jacobs;Amber.Jacobs13@yahoo.com;Passwd@123
Gerardo;Lang;Gerardo.Lang42@gmail.com;Passwd@123
Melody;Hilpert;Melody.Hilpert70@yahoo.com;Passwd@123
Steven;Schowalter;Steven85@hotmail.com;Passwd@123
Lynda;Friesen;Lynda.Friesen14@hotmail.com;Passwd@123
Geoffrey;Jacobi;Geoffrey76@yahoo.com;Passwd@123
Tyler;Jacobs-Bogan;Tyler_Jacobs-Bogan66@gmail.com;Passwd@123
Melanie;Crona;Melanie_Crona87@gmail.com;Passwd@123
Guadalupe;Ratke;Guadalupe_Ratke@hotmail.com;Passwd@123
Darrin;Zemlak;Darrin_Zemlak@yahoo.com;Passwd@123
Ronnie;Schmidt;Ronnie.Schmidt38@yahoo.com;Passwd@123
Joel;Gottlieb;Joel_Gottlieb6@gmail.com;Passwd@123
Lucia;Senger;Lucia_Senger91@gmail.com;Passwd@123
Cindy;Kuhn;Cindy.Kuhn@hotmail.com;Passwd@123
Nick;Little;Nick58@yahoo.com;Passwd@123
Ronald;Mraz;Ronald_Mraz25@yahoo.com;Passwd@123
Grace;Lynch;Grace28@hotmail.com;Passwd@123
Abel;Goyette;Abel.Goyette2@hotmail.com;Passwd@123
Veronica;Kling;Veronica83@hotmail.com;Passwd@123
Kay;Kovacek;Kay87@hotmail.com;Passwd@123
Carole;Lynch;Carole79@gmail.com;Passwd@123
Tracy;Koch;Tracy_Koch@yahoo.com;Passwd@123
Loren;Emmerich;Loren_Emmerich94@hotmail.com;Passwd@123
Geraldine;Hintz;Geraldine_Hintz@hotmail.com;Passwd@123
Bernard;Bode;Bernard_Bode40@hotmail.com;Passwd@123
Christy;Marquardt;Christy1@gmail.com;Passwd@123
Stacey;Bayer;Stacey.Bayer73@gmail.com;Passwd@123
Mario;Ebert;Mario.Ebert@gmail.com;Passwd@123
Thomas;Prohaska;Thomas91@hotmail.com;Passwd@123
Carol;Waelchi-Stokes;Carol.Waelchi-Stokes@yahoo.com;Passwd@123
Amos;Daugherty;Amos17@yahoo.com;Passwd@123
Emma;Doyle;Emma_Doyle31@gmail.com;Passwd@123
Cheryl;Kling;Cheryl_Kling@gmail.com;Passwd@123
Bridget;Sauer;Bridget.Sauer@gmail.com;Passwd@123
Milton;DuBuque-Rogahn;Milton3@yahoo.com;Passwd@123
Deanna;Keeling;Deanna89@yahoo.com;Passwd@123
Naomi;Bahringer;Naomi_Bahringer@yahoo.com;Passwd@123
Benjamin;Hoeger-Runte;Benjamin_Hoeger-Runte@hotmail.com;Passwd@123
Marguerite;Hickle;Marguerite.Hickle7@gmail.com;Passwd@123
Jack;Kovacek;Jack_Kovacek43@gmail.com;Passwd@123
Beulah;Effertz;Beulah40@gmail.com;Passwd@123
Timothy;Bashirian;Timothy_Bashirian5@yahoo.com;Passwd@123
Phil;Crooks;Phil42@yahoo.com;Passwd@123
Vincent;Paucek;Vincent.Paucek48@hotmail.com;Passwd@123
Phyllis;Maggio;Phyllis37@hotmail.com;Passwd@123
Belinda;Dibbert;Belinda_Dibbert42@gmail.com;Passwd@123
Grady;Parker;Grady_Parker1@gmail.com;Passwd@123
Casey;Schmitt;Casey_Schmitt51@gmail.com;Passwd@123
Timothy;Lang;Timothy.Lang42@hotmail.com;Passwd@123
Spencer;Lowe;Spencer_Lowe41@gmail.com;Passwd@123
Lula;Stokes;Lula46@hotmail.com;Passwd@123
Dwight;Emmerich;Dwight_Emmerich@gmail.com;Passwd@123
Gwendolyn;Ondricka;Gwendolyn76@hotmail.com;Passwd@123
Willard;Kertzmann;Willard_Kertzmann67@yahoo.com;Passwd@123
Milton;Zemlak;Milton_Zemlak@yahoo.com;Passwd@123
Mathew;Kautzer;Mathew47@gmail.com;Passwd@123
Rachel;Wolff;Rachel.Wolff@yahoo.com;Passwd@123
Doug;Hand;Doug_Hand@gmail.com;Passwd@123
Glenn;Ratke-Auer;Glenn11@yahoo.com;Passwd@123
Michelle;Pfannerstill;Michelle82@hotmail.com;Passwd@123
Muriel;Lockman;Muriel_Lockman21@yahoo.com;Passwd@123
Paula;Muller;Paula_Muller46@hotmail.com;Passwd@123
Angelina;Renner;Angelina_Renner69@yahoo.com;Passwd@123
Monique;Hills;Monique42@gmail.com;Passwd@123
Shawn;Larson;Shawn27@gmail.com;Passwd@123
Byron;Thompson;Byron.Thompson@yahoo.com;Passwd@123
Sara;Towne;Sara73@hotmail.com;Passwd@123
Ronnie;Koss;Ronnie.Koss@gmail.com;Passwd@123
Melissa;Smitham;Melissa.Smitham@gmail.com;Passwd@123
Clyde;Wuckert;Clyde_Wuckert@hotmail.com;Passwd@123
Shawna;Macejkovic;Shawna87@gmail.com;Passwd@123
Sidney;Hickle;Sidney_Hickle@hotmail.com;Passwd@123
Ray;Greenfelder;Ray62@hotmail.com;Passwd@123
Monique;Reichert;Monique26@gmail.com;Passwd@123
Allison;Greenfelder;Allison_Greenfelder12@gmail.com;Passwd@123
Candice;Hammes;Candice65@gmail.com;Passwd@123
Jill;Roberts;Jill.Roberts@yahoo.com;Passwd@123
Mae;Berge;Mae26@yahoo.com;Passwd@123
Felipe;Huel;Felipe6@yahoo.com;Passwd@123
Gwen;Hodkiewicz;Gwen71@yahoo.com;Passwd@123
Joel;Blick;Joel.Blick@gmail.com;Passwd@123
Jonathan;Wiza;Jonathan_Wiza@gmail.com;Passwd@123
Shawna;Reynolds;Shawna_Reynolds11@gmail.com;Passwd@123
Wayne;Funk;Wayne_Funk70@yahoo.com;Passwd@123
Edmond;DAmore-Weimann;Edmond.DAmore-Weimann97@gmail.com;Passwd@123
Elena;Rohan;Elena52@gmail.com;Passwd@123
Isabel;Keeling;Isabel.Keeling@yahoo.com;Passwd@123
Faith;Green;Faith_Green12@yahoo.com;Passwd@123
Herman;VonRueden;Herman_VonRueden@hotmail.com;Passwd@123
Shannon;Jerde;Shannon58@yahoo.com;Passwd@123
Orville;Murphy;Orville_Murphy22@yahoo.com;Passwd@123
Eric;Ward;Eric_Ward@gmail.com;Passwd@123
Merle;Haag;Merle.Haag43@gmail.com;Passwd@123
James;Rogahn;James.Rogahn32@hotmail.com;Passwd@123
Mildred;Hessel;Mildred99@yahoo.com;Passwd@123
Freddie;Hansen-Grimes;Freddie_Hansen-Grimes24@hotmail.com;Passwd@123
Sharon;Jacobson;Sharon28@hotmail.com;Passwd@123
Penny;Feeney;Penny_Feeney@gmail.com;Passwd@123
Caroline;Bernier;Caroline_Bernier@yahoo.com;Passwd@123